date,month,happy,great,pleasant,good,nice,wild,crazy,strange,weird,vivid,lucid,sad,bad,scary,nightmare,COVID
2020-01-05,Jan-2020,0.7,0.46,0.0,0.1774193548387097,0.0,0.5,0.0,0.0,0.67,0.0,0.3,0.0,0.2962962962962963,0.0,0.012345679012345678,0.0
2020-01-12,Jan-2020,0.0,0.35,0.0,0.3387096774193548,0.0,0.75,0.61,0.0,0.6,0.0,0.575,0.0,0.09259259259259259,0.0,0.012345679012345678,0.0
2020-01-19,Jan-2020,0.51,0.36,0.0,0.016129032258064516,0.0,0.0,0.0,1.0,0.71,0.76,0.1875,0.0,0.2962962962962963,0.0,0.037037037037037035,0.0
2020-01-26,Jan-2020,0.45,0.25,0.0,0.12903225806451613,0.0,0.0,0.62,0.0,0.59,0.0,0.1125,0.0,0.25925925925925924,0.63,0.024691358024691357,0.0
2020-02-02,Feb-2020,0.69,0.21,0.0,0.14516129032258066,0.0,0.67,0.0,0.0,0.65,0.54,0.225,0.0,0.24074074074074073,0.0,0.08641975308641975,0.0
2020-02-09,Feb-2020,0.64,0.21,0.0,0.45161290322580644,0.65,0.0,0.48,0.0,0.0,0.0,0.1125,0.0,0.2037037037037037,0.0,0.037037037037037035,0.0
2020-02-16,Feb-2020,0.0,0.23,0.0,0.25806451612903225,0.84,0.0,0.55,0.0,0.0,0.0,0.1625,0.0,0.3148148148148148,0.0,0.024691358024691357,0.0
2020-02-23,Feb-2020,0.44,0.37,0.0,0.24193548387096775,0.0,0.57,0.0,0.0,0.61,0.62,1.0,0.61,0.12962962962962962,0.0,0.037037037037037035,0.02
2020-03-01,Mar-2020,0.42,0.35,0.0,0.3225806451612903,0.49,0.0,0.66,0.0,0.58,0.0,0.275,0.0,0.4074074074074074,0.0,0.037037037037037035,0.05
2020-03-08,Mar-2020,0.43,0.32,0.0,0.25806451612903225,0.0,0.52,0.0,0.0,0.67,0.0,0.1375,0.0,0.14814814814814814,0.0,0.037037037037037035,0.16
2020-03-15,Mar-2020,0.35,0.27,0.0,0.12903225806451613,0.0,1.0,0.55,0.0,0.52,0.0,0.15,0.0,0.2037037037037037,0.59,0.0,0.41
2020-03-22,Mar-2020,0.57,0.29,1.0,0.3387096774193548,0.0,0.0,0.43,0.55,0.0,0.0,0.3,0.0,0.1111111111111111,0.0,0.04938271604938271,0.54
2020-03-29,Mar-2020,0.67,0.4,0.0,0.4838709677419355,0.0,0.51,0.0,0.51,0.85,0.46,0.5,0.0,0.5925925925925926,0.0,0.12345679012345678,0.44
2020-04-05,Apr-2020,0.72,0.27,0.0,0.7258064516129032,0.0,0.78,0.73,0.0,0.65,0.76,0.625,0.0,0.6851851851851852,0.64,0.12345679012345678,0.41
2020-04-12,Apr-2020,0.85,0.35,0.0,0.5806451612903226,0.46,0.71,0.52,0.0,0.97,0.0,0.65,0.53,0.48148148148148145,0.84,0.14814814814814814,0.33
2020-04-19,Apr-2020,0.92,0.42,0.0,0.6774193548387096,0.68,0.66,0.0,0.52,0.91,0.86,0.2875,0.0,0.7962962962962963,0.78,0.09876543209876543,0.32
2020-04-26,Apr-2020,0.77,0.4,0.0,0.3709677419354839,0.0,0.0,0.72,0.62,0.64,0.67,0.3375,0.0,0.7407407407407407,0.0,0.19753086419753085,0.32
2020-05-03,May-2020,0.52,0.44,0.0,0.6612903225806451,0.47,0.62,0.71,0.0,0.5,0.68,0.2,0.67,0.35185185185185186,0.71,0.2962962962962963,0.3
2020-05-10,May-2020,0.66,0.25,0.0,0.6451612903225806,0.52,0.9,0.75,0.96,0.64,0.0,0.2125,0.7,0.6481481481481481,0.52,0.16049382716049382,0.36
2020-05-17,May-2020,1.0,0.46,0.0,0.3225806451612903,0.45,0.64,0.49,0.0,0.0,0.54,0.1375,0.52,0.7037037037037037,0.7,0.14814814814814814,0.31
2020-05-24,May-2020,0.62,0.35,0.0,0.5,0.0,0.8,0.53,0.0,0.51,0.53,0.075,0.0,0.42592592592592593,0.0,0.12345679012345678,0.29
2020-05-31,May-2020,0.56,0.39,0.0,0.3387096774193548,0.45,0.97,0.42,0.62,0.69,0.69,0.6375,0.0,0.5185185185185185,0.65,0.07407407407407407,0.29
2020-06-07,Jun-2020,0.62,0.35,0.0,0.6290322580645161,0.57,0.75,0.43,0.0,0.57,0.57,0.2375,0.0,0.4074074074074074,0.58,0.1111111111111111,0.28
2020-06-14,Jun-2020,0.83,0.25,0.0,0.6129032258064516,0.4,0.0,0.6,0.0,0.0,0.0,0.15,0.0,0.46296296296296297,0.0,0.08641975308641975,0.28
2020-06-21,Jun-2020,0.66,0.27,0.0,0.3548387096774194,0.44,0.53,0.48,0.0,0.68,0.49,0.1125,0.0,0.3888888888888889,0.0,0.06172839506172839,0.28
2020-06-28,Jun-2020,0.53,0.25,0.0,0.3870967741935484,0.43,0.0,0.61,0.0,0.0,0.0,0.1375,0.0,0.25925925925925924,0.0,0.07407407407407407,0.32
2020-07-05,Jul-2020,0.73,0.22,0.0,0.6935483870967742,0.0,0.64,0.0,0.0,0.0,0.0,0.0875,0.0,0.6111111111111112,0.56,0.07407407407407407,0.29
2020-07-12,Jul-2020,0.6,0.0,0.0,0.0,0.45,0.0,0.0,0.0,0.69,0.0,0.1625,0.0,0.4074074074074074,0.0,0.08641975308641975,0.3
2020-07-19,Jul-2020,0.5,0.2,0.0,0.4838709677419355,0.56,0.67,0.75,0.0,0.93,0.64,0.1375,0.57,0.4444444444444444,0.0,0.1111111111111111,0.28
2020-07-26,Jul-2020,0.45,0.2,0.0,0.6129032258064516,0.0,0.0,0.0,0.0,0.56,0.55,0.125,0.0,0.6296296296296297,1.0,0.13580246913580246,0.36
2020-08-02,Aug-2020,0.4,0.21,0.0,0.5645161290322581,0.0,0.0,0.74,0.0,0.0,0.0,0.125,0.0,0.2222222222222222,0.0,0.12345679012345678,0.33
2020-08-09,Aug-2020,0.36,0.3,0.0,0.22580645161290322,0.65,0.51,0.0,0.0,0.0,0.59,0.2,0.0,0.3888888888888889,0.7,0.12345679012345678,0.32
2020-08-16,Aug-2020,0.65,0.28,0.0,0.6774193548387096,0.0,0.64,0.0,0.0,0.0,0.0,0.125,0.0,0.37037037037037035,0.0,0.1111111111111111,0.29
2020-08-23,Aug-2020,0.8,0.25,0.0,0.43548387096774194,0.64,0.85,0.0,0.0,0.52,0.0,0.1375,0.77,0.25925925925925924,0.0,0.16049382716049382,0.3
2020-08-30,Aug-2020,0.72,0.3,0.0,0.5483870967741935,0.49,0.0,0.0,0.0,0.0,0.0,0.1,0.61,0.4444444444444444,0.58,0.13580246913580246,0.36
2020-09-06,Sep-2020,0.37,0.45,0.0,0.8225806451612904,0.0,0.0,0.0,0.0,0.0,0.54,0.1,0.0,0.4074074074074074,0.89,0.14814814814814814,0.58
2020-09-13,Sep-2020,0.43,0.49,0.0,0.27419354838709675,0.0,0.0,0.0,0.0,0.98,0.0,0.0375,0.0,0.37037037037037035,0.0,0.13580246913580246,0.62
2020-09-20,Sep-2020,0.49,0.4,0.0,0.3548387096774194,0.53,0.0,0.0,0.0,0.0,0.0,0.05,0.0,0.2962962962962963,0.67,0.1728395061728395,0.65
2020-09-27,Sep-2020,0.65,0.38,0.0,0.3870967741935484,0.0,0.49,0.0,0.62,0.54,0.55,0.025,0.6,0.0,0.0,0.37037037037037035,0.54
2020-10-04,Oct-2020,0.47,0.33,0.0,0.1935483870967742,0.0,0.48,0.0,0.0,0.0,0.73,0.025,0.0,0.2777777777777778,0.0,0.3950617283950617,0.57
2020-10-11,Oct-2020,0.54,0.17,0.0,0.3225806451612903,0.0,0.88,0.53,0.0,0.0,0.0,0.05,0.0,0.16666666666666666,0.0,0.3333333333333333,0.69
2020-10-18,Oct-2020,0.57,0.24,0.0,0.3387096774193548,0.0,0.0,0.61,0.0,0.0,0.0,0.0875,0.0,0.35185185185185186,0.6,0.4444444444444444,0.58
2020-10-25,Oct-2020,0.64,0.24,0.0,0.3709677419354839,0.6,0.53,0.0,0.0,0.79,0.58,0.0375,0.0,0.35185185185185186,0.0,1.0,0.59
2020-11-01,Nov-2020,0.0,0.35,0.0,0.41935483870967744,0.0,0.7,0.46,0.0,0.0,0.67,0.0125,0.0,0.14814814814814814,0.0,0.30864197530864196,0.51
2020-11-08,Nov-2020,0.77,0.3,0.0,0.3387096774193548,0.49,0.0,0.0,0.0,0.0,0.62,0.0375,0.69,0.2962962962962963,0.0,0.2222222222222222,0.48
2020-11-15,Nov-2020,0.65,0.31,0.0,0.3870967741935484,0.57,0.0,0.55,0.0,0.74,0.52,0.025,0.0,0.46296296296296297,0.0,0.2222222222222222,0.45
2020-11-22,Nov-2020,0.86,1.0,0.0,0.6290322580645161,0.0,0.67,0.0,0.0,0.61,0.51,0.025,0.0,0.3888888888888889,0.0,0.18518518518518517,0.52
2020-11-29,Nov-2020,0.54,0.5,0.0,0.16129032258064516,0.0,0.52,0.55,0.0,0.0,0.47,0.0,0.0,0.2777777777777778,0.62,0.2839506172839506,0.45
2020-12-06,Dec-2020,0.76,0.23,0.0,0.4032258064516129,0.0,0.56,0.0,0.0,0.62,0.0,0.2375,0.63,0.24074074074074073,0.0,0.24691358024691357,0.5
2020-12-13,Dec-2020,0.43,0.38,0.0,0.41935483870967744,0.0,0.0,0.0,0.66,1.0,0.54,0.0625,0.62,0.37037037037037035,0.0,0.2716049382716049,0.77
2020-12-20,Dec-2020,0.0,0.55,0.0,0.43548387096774194,0.0,0.0,0.0,0.0,0.64,0.0,0.075,0.0,0.35185185185185186,0.88,0.38271604938271603,0.82
2020-12-27,Dec-2020,0.9,0.25,0.0,0.6935483870967742,0.86,0.54,0.0,0.0,0.0,0.0,0.1375,1.0,0.3148148148148148,0.77,0.12345679012345678,0.84
2021-01-03,Jan-2021,0.43,0.3,0.0,0.8387096774193549,1.0,0.49,0.0,0.0,0.56,0.58,0.0625,0.0,0.6296296296296297,0.0,0.07407407407407407,1.0
2021-01-10,Jan-2021,0.91,0.31,0.0,0.8548387096774194,0.75,0.0,0.53,0.0,0.67,0.9,0.0875,0.0,0.7592592592592593,0.0,0.07407407407407407,0.85
2021-01-17,Jan-2021,0.76,0.34,0.0,0.8709677419354839,0.57,0.49,0.0,0.0,0.0,0.62,0.1375,0.81,0.7037037037037037,0.65,0.07407407407407407,0.69
2021-01-24,Jan-2021,0.81,0.34,0.0,1.0,0.71,0.0,1.0,0.0,0.56,0.93,0.225,0.0,1.0,0.71,0.07407407407407407,0.66
2021-01-31,Jan-2021,0.84,0.39,0.0,0.7419354838709677,0.64,0.77,0.0,0.0,0.5,0.6,0.25,0.97,0.9629629629629629,0.61,0.08641975308641975,0.57
2021-02-07,Feb-2021,0.64,0.26,0.0,0.6612903225806451,0.72,0.0,0.0,0.7,0.65,0.56,0.525,0.0,0.6481481481481481,0.62,0.12345679012345678,0.54
2021-02-14,Feb-2021,0.64,0.24,0.0,0.8548387096774194,0.59,0.6,0.0,0.0,0.53,1.0,0.2875,0.0,0.7222222222222222,0.0,0.14814814814814814,0.57
2021-02-21,Feb-2021,0.54,0.39,0.0,0.45161290322580644,0.58,0.0,0.0,0.0,0.0,0.64,0.3125,0.0,0.8888888888888888,0.67,0.09876543209876543,0.6
2021-02-28,Feb-2021,0.57,0.27,0.0,0.7419354838709677,0.0,0.92,0.0,0.56,0.0,0.53,0.225,0.0,0.7037037037037037,0.82,0.07407407407407407,0.57
2021-03-07,Mar-2021,0.6,0.29,0.0,0.41935483870967744,0.47,0.0,0.64,0.0,0.0,0.68,0.1625,0.0,0.46296296296296297,0.0,0.04938271604938271,0.61
2021-03-14,Mar-2021,0.49,0.0,0.0,0.6774193548387096,0.72,0.62,0.0,0.0,0.0,0.62,0.0625,0.59,0.6666666666666666,0.0,0.04938271604938271,0.61
2021-03-21,Mar-2021,0.56,0.29,0.0,0.5483870967741935,0.61,0.0,0.49,0.0,0.63,0.0,0.175,0.0,0.6111111111111112,0.0,0.037037037037037035,0.64
2021-03-28,Mar-2021,0.0,0.19,0.0,0.7096774193548387,0.0,0.0,0.0,0.0,0.0,0.0,0.0375,0.0,0.46296296296296297,0.0,0.037037037037037035,0.53
2021-04-04,Apr-2021,0.66,0.23,0.0,0.4032258064516129,0.63,0.79,0.0,0.0,0.0,0.62,0.05,0.0,0.5370370370370371,0.0,0.06172839506172839,0.52
